epoch,time,train/box_loss,train/cls_loss,train/dfl_loss,metrics/precision(B),metrics/recall(B),metrics/mAP50(B),metrics/mAP50-95(B),val/box_loss,val/cls_loss,val/dfl_loss,lr/pg0,lr/pg1,lr/pg2
1,20.9127,0.99113,5.61776,0.02254,0,0,0,0,0.09841,6.00628,0.0032,1.19e-06,1.19e-06,1.19e-06
2,41.2897,0.85752,5.47347,0.01499,0,0,0,0,0.10062,5.93996,0.00328,3.53466e-06,3.53466e-06,3.53466e-06
3,57.4713,0.83951,5.38528,0.01456,0,0,0,0,0.09826,5.84086,0.00316,5.83219e-06,5.83219e-06,5.83219e-06
4,73.5181,1.03195,5.29549,0.0207,0,0,0,0,0.09865,5.73545,0.003,8.0826e-06,8.0826e-06,8.0826e-06
5,89.8143,0.831,5.40436,0.01651,0,0,0,0,0.09415,5.58123,0.00272,1.02859e-05,1.02859e-05,1.02859e-05
6,105.512,0.71311,4.78149,0.0136,0,0,0,0,0.10189,5.38926,0.00304,1.2442e-05,1.2442e-05,1.2442e-05
7,121.706,0.81539,4.70887,0.01611,0,0,0,0,0.12875,5.07048,0.0041,1.45511e-05,1.45511e-05,1.45511e-05
8,138.318,0.66468,4.63725,0.01261,0.07692,0.33333,0.03045,0.03045,0.19104,4.81744,0.00661,1.6613e-05,1.6613e-05,1.6613e-05
9,154.535,0.83466,4.21074,0.01777,0.07692,0.33333,0.04188,0.04188,0.20296,4.641,0.00709,1.86278e-05,1.86278e-05,1.86278e-05
10,170.753,0.56952,4.35828,0.01146,0.07692,0.33333,0.05583,0.05583,0.21337,4.36789,0.00745,2.05954e-05,2.05954e-05,2.05954e-05
11,186.868,0.72353,3.67028,0.01384,0.08333,0.33333,0.067,0.067,0.18442,4.03358,0.00623,2.2516e-05,2.2516e-05,2.2516e-05
12,204.28,0.68159,3.57669,0.01334,0.15385,0.66667,0.127,0.127,0.18327,3.72831,0.00614,2.43894e-05,2.43894e-05,2.43894e-05
13,220.081,0.81979,3.24115,0.01701,0.16667,0.66667,0.26179,0.26179,0.17215,3.32475,0.00568,2.62157e-05,2.62157e-05,2.62157e-05
14,236,0.82821,2.56941,0.01559,0.27273,1,0.555,0.555,0.15332,2.88815,0.00492,2.79949e-05,2.79949e-05,2.79949e-05
15,251.188,0.87034,2.83338,0.01746,0.50777,0.33333,0.59075,0.59075,0.14242,2.37353,0.00445,2.97269e-05,2.97269e-05,2.97269e-05
16,267.154,0.71314,2.1015,0.01414,1,0.56677,0.80643,0.80643,0.13536,2.00586,0.0041,3.14118e-05,3.14118e-05,3.14118e-05
17,282.802,0.69633,1.84847,0.01597,1,0.9751,0.995,0.995,0.14316,0.96154,0.00425,3.30496e-05,3.30496e-05,3.30496e-05
18,300.647,0.94588,1.94554,0.02105,0.98614,1,0.995,0.995,0.1364,0.43978,0.00409,3.46403e-05,3.46403e-05,3.46403e-05
19,317.252,0.73044,1.50148,0.01371,0.98483,1,0.995,0.995,0.15733,0.26378,0.00487,3.61839e-05,3.61839e-05,3.61839e-05
20,333.491,0.71093,1.38786,0.01228,0.98569,1,0.995,0.995,0.17778,0.20263,0.00551,3.76803e-05,3.76803e-05,3.76803e-05
21,349.048,0.47806,0.94297,0.00848,0.98618,1,0.995,0.995,0.19223,0.17542,0.00589,3.91296e-05,3.91296e-05,3.91296e-05
22,366.893,0.72414,1.31524,0.01753,0.98656,1,0.995,0.995,0.20362,0.16859,0.006,4.05318e-05,4.05318e-05,4.05318e-05
23,382.921,0.58411,1.01499,0.01029,0.98656,1,0.995,0.995,0.21126,0.16942,0.00589,4.18868e-05,4.18868e-05,4.18868e-05
24,398.571,0.56039,0.87063,0.00938,0.98661,1,0.995,0.995,0.22959,0.16835,0.0064,4.31947e-05,4.31947e-05,4.31947e-05
25,413.936,0.6052,0.92388,0.01036,0.9865,1,0.995,0.995,0.24291,0.16986,0.00681,4.44555e-05,4.44555e-05,4.44555e-05
26,429.39,0.63807,0.73736,0.01162,0.98657,1,0.995,0.995,0.27038,0.17676,0.00782,4.56692e-05,4.56692e-05,4.56692e-05
27,445.003,0.50866,0.87443,0.00909,0.98664,1,0.995,0.995,0.26852,0.17794,0.00788,4.68358e-05,4.68358e-05,4.68358e-05
28,461.256,0.55194,0.65721,0.01005,0.98664,1,0.995,0.995,0.26852,0.17794,0.00788,4.79552e-05,4.79552e-05,4.79552e-05
29,476.949,0.58532,0.55629,0.00999,0.98679,1,0.995,0.995,0.25288,0.18015,0.00748,4.90275e-05,4.90275e-05,4.90275e-05
30,492.792,0.60003,0.62112,0.01013,0.98667,1,0.995,0.995,0.21099,0.17817,0.00623,5.00527e-05,5.00527e-05,5.00527e-05
31,508.562,0.57369,0.6889,0.01167,0.98667,1,0.995,0.995,0.21099,0.17817,0.00623,5.10308e-05,5.10308e-05,5.10308e-05
32,524.277,0.38985,0.61269,0.00684,0.9867,1,0.995,0.995,0.15113,0.17286,0.00442,5.19617e-05,5.19617e-05,5.19617e-05
33,539.964,0.59957,0.62115,0.01091,0.98682,1,0.995,0.995,0.11052,0.17055,0.00347,5.28455e-05,5.28455e-05,5.28455e-05
34,555.593,0.62635,0.77277,0.00957,0.98682,1,0.995,0.995,0.11052,0.17055,0.00347,5.36822e-05,5.36822e-05,5.36822e-05
35,571.79,0.52522,0.59701,0.01085,0.9868,1,0.995,0.995,0.11147,0.17838,0.00391,5.44718e-05,5.44718e-05,5.44718e-05
36,587.704,0.54943,0.46437,0.00968,0.98666,1,0.995,0.995,0.10203,0.18593,0.00355,5.52142e-05,5.52142e-05,5.52142e-05
37,604.595,0.53658,0.55841,0.01052,0.98666,1,0.995,0.995,0.10203,0.18593,0.00355,5.59095e-05,5.59095e-05,5.59095e-05
38,621.432,0.51601,0.63836,0.01041,0.98687,1,0.995,0.995,0.11179,0.20889,0.0037,5.65577e-05,5.65577e-05,5.65577e-05
39,637.995,0.55144,0.61321,0.00824,0.98658,1,0.995,0.995,0.16343,0.21629,0.00531,5.71588e-05,5.71588e-05,5.71588e-05
40,654.631,0.47334,0.9241,0.00885,0.98658,1,0.995,0.995,0.16343,0.21629,0.00531,5.77127e-05,5.77127e-05,5.77127e-05
41,670.644,0.50708,0.47155,0.00897,0.98675,1,0.995,0.995,0.1872,0.22038,0.00569,5.82196e-05,5.82196e-05,5.82196e-05
42,686.206,0.59855,0.48861,0.01239,0.9865,1,0.995,0.995,0.20249,0.22321,0.00594,5.86793e-05,5.86793e-05,5.86793e-05
43,701.926,0.44112,0.41684,0.00731,0.9865,1,0.995,0.995,0.20249,0.22321,0.00594,5.90918e-05,5.90918e-05,5.90918e-05
44,717.41,0.53047,0.47079,0.00925,0.98531,1,0.995,0.995,0.19997,0.2362,0.00586,5.94573e-05,5.94573e-05,5.94573e-05
45,733.016,0.49684,0.46923,0.00909,0.98531,1,0.995,0.995,0.19997,0.2362,0.00586,5.97756e-05,5.97756e-05,5.97756e-05
46,748.466,0.55127,0.54958,0.00884,0.98614,1,0.995,0.995,0.21982,0.22796,0.00667,6.00468e-05,6.00468e-05,6.00468e-05
47,764.09,0.35725,0.48394,0.00609,0.98614,1,0.995,0.995,0.21982,0.22796,0.00667,6.02709e-05,6.02709e-05,6.02709e-05
48,779.602,0.40896,0.42965,0.00654,0.98582,1,0.995,0.995,0.2146,0.23068,0.00649,6.04478e-05,6.04478e-05,6.04478e-05
49,794.871,0.55384,0.50441,0.01114,0.98582,1,0.995,0.995,0.2146,0.23068,0.00649,6.05777e-05,6.05777e-05,6.05777e-05
50,810.496,0.46966,0.44104,0.00863,0.9856,1,0.995,0.995,0.22966,0.22999,0.00702,6.06604e-05,6.06604e-05,6.06604e-05
51,827.055,0.5239,0.63745,0.00874,0.9856,1,0.995,0.995,0.22966,0.22999,0.00702,6.0095e-05,6.0095e-05,6.0095e-05
52,846.428,0.47025,0.53899,0.00852,0.98555,1,0.995,0.995,0.21444,0.22325,0.00681,5.89169e-05,5.89169e-05,5.89169e-05
53,862.44,0.48461,0.46033,0.00846,0.98555,1,0.995,0.995,0.21444,0.22325,0.00681,5.77388e-05,5.77388e-05,5.77388e-05
54,878.807,0.31936,0.36408,0.00575,0.98521,1,0.995,0.995,0.18555,0.21962,0.00607,5.65607e-05,5.65607e-05,5.65607e-05
55,894.66,0.48612,0.46609,0.00895,0.98521,1,0.995,0.995,0.18555,0.21962,0.00607,5.53826e-05,5.53826e-05,5.53826e-05
56,911.35,0.53351,0.43722,0.00938,0.98521,1,0.995,0.995,0.14823,0.20881,0.00498,5.42045e-05,5.42045e-05,5.42045e-05
57,928.594,0.49481,0.40311,0.01017,0.98521,1,0.995,0.995,0.14823,0.20881,0.00498,5.30264e-05,5.30264e-05,5.30264e-05
58,944.595,0.4433,0.50193,0.00751,0.9876,1,0.995,0.995,0.12882,0.25431,0.00441,5.18483e-05,5.18483e-05,5.18483e-05
59,961.7,0.34536,0.38521,0.00648,0.9876,1,0.995,0.995,0.12882,0.25431,0.00441,5.06702e-05,5.06702e-05,5.06702e-05
60,979.784,0.61396,0.52561,0.01432,0.98515,1,0.995,0.995,0.16698,0.21712,0.00545,4.94921e-05,4.94921e-05,4.94921e-05
61,996.395,0.69167,0.58116,0.01413,0.98515,1,0.995,0.995,0.16698,0.21712,0.00545,4.8314e-05,4.8314e-05,4.8314e-05
62,1016.39,0.35416,0.43703,0.00707,0.9851,1,0.995,0.995,0.1736,0.21397,0.00542,4.71359e-05,4.71359e-05,4.71359e-05
63,1033.32,0.43574,0.55665,0.00708,0.9851,1,0.995,0.995,0.1736,0.21397,0.00542,4.59578e-05,4.59578e-05,4.59578e-05
64,1050.02,0.49259,0.35513,0.01029,0.98474,1,0.995,0.995,0.17594,0.19718,0.00538,4.47797e-05,4.47797e-05,4.47797e-05
65,1068.02,0.43609,0.41714,0.0069,0.98474,1,0.995,0.995,0.17594,0.19718,0.00538,4.36016e-05,4.36016e-05,4.36016e-05
66,1083.85,0.51213,0.43877,0.01039,0.98484,1,0.995,0.995,0.19629,0.19568,0.00582,4.24235e-05,4.24235e-05,4.24235e-05
67,1099.75,0.46233,0.39755,0.00901,0.98484,1,0.995,0.995,0.19629,0.19568,0.00582,4.12454e-05,4.12454e-05,4.12454e-05
68,1115.81,0.5766,0.53056,0.01092,0.98495,1,0.995,0.995,0.20376,0.19436,0.0059,4.00673e-05,4.00673e-05,4.00673e-05
69,1131.25,0.48702,0.41966,0.00768,0.98495,1,0.995,0.995,0.20376,0.19436,0.0059,3.88892e-05,3.88892e-05,3.88892e-05
70,1148.41,0.56201,0.43113,0.01202,0.985,1,0.995,0.995,0.21099,0.19201,0.006,3.77111e-05,3.77111e-05,3.77111e-05
71,1164.3,0.50816,0.51917,0.01018,0.985,1,0.995,0.995,0.21099,0.19201,0.006,3.6533e-05,3.6533e-05,3.6533e-05
72,1180.2,0.47436,0.47432,0.00745,0.98486,1,0.995,0.995,0.21515,0.18981,0.0061,3.53549e-05,3.53549e-05,3.53549e-05
73,1196,0.5167,0.30442,0.01039,0.98486,1,0.995,0.995,0.21515,0.18981,0.0061,3.41768e-05,3.41768e-05,3.41768e-05
74,1211.76,0.43999,0.36479,0.00743,0.98471,1,0.995,0.995,0.21628,0.18852,0.0062,3.29987e-05,3.29987e-05,3.29987e-05
75,1227.38,0.37556,0.33019,0.00646,0.98471,1,0.995,0.995,0.21628,0.18852,0.0062,3.18206e-05,3.18206e-05,3.18206e-05
76,1243.18,0.53346,0.44882,0.01085,0.98482,1,0.995,0.995,0.20701,0.18387,0.00604,3.06425e-05,3.06425e-05,3.06425e-05
77,1258.87,0.51885,0.31757,0.00821,0.98482,1,0.995,0.995,0.20701,0.18387,0.00604,2.94644e-05,2.94644e-05,2.94644e-05
78,1275.59,0.32234,0.33553,0.00635,0.98472,1,0.995,0.995,0.18894,0.1791,0.00552,2.82863e-05,2.82863e-05,2.82863e-05
79,1291.52,0.4523,0.57438,0.00773,0.98472,1,0.995,0.995,0.18894,0.1791,0.00552,2.71082e-05,2.71082e-05,2.71082e-05
80,1308.84,0.46539,0.33557,0.00929,0.98481,1,0.995,0.995,0.17376,0.17509,0.00513,2.59301e-05,2.59301e-05,2.59301e-05
81,1324.9,0.43508,0.43079,0.00774,0.98481,1,0.995,0.995,0.17376,0.17509,0.00513,2.4752e-05,2.4752e-05,2.4752e-05
82,1340.6,0.35259,0.45097,0.00639,0.9847,1,0.995,0.995,0.15651,0.17101,0.00474,2.35739e-05,2.35739e-05,2.35739e-05
83,1356.45,0.47654,0.39338,0.00954,0.9847,1,0.995,0.995,0.15651,0.17101,0.00474,2.23958e-05,2.23958e-05,2.23958e-05
84,1372.89,0.40958,0.32316,0.00863,0.98464,1,0.995,0.995,0.12369,0.18398,0.00404,2.12177e-05,2.12177e-05,2.12177e-05
85,1389.09,0.49019,0.40657,0.00785,0.98464,1,0.995,0.995,0.12369,0.18398,0.00404,2.00396e-05,2.00396e-05,2.00396e-05
86,1405.08,0.32955,0.2916,0.0056,0.98512,1,0.995,0.995,0.11127,0.16518,0.00382,1.88615e-05,1.88615e-05,1.88615e-05
87,1421.21,0.37861,0.29254,0.00642,0.98512,1,0.995,0.995,0.11127,0.16518,0.00382,1.76834e-05,1.76834e-05,1.76834e-05
88,1437.28,0.34391,0.37665,0.00594,0.98493,1,0.995,0.995,0.10574,0.16237,0.0037,1.65053e-05,1.65053e-05,1.65053e-05
89,1452.79,0.54968,0.52139,0.01296,0.98493,1,0.995,0.995,0.10574,0.16237,0.0037,1.53272e-05,1.53272e-05,1.53272e-05
90,1468.82,0.33528,0.34347,0.00856,0.98485,1,0.995,0.995,0.10331,0.16284,0.00364,1.41491e-05,1.41491e-05,1.41491e-05
91,1484.51,0.25597,0.33753,0.0073,0.98485,1,0.995,0.995,0.10331,0.16284,0.00364,1.2971e-05,1.2971e-05,1.2971e-05
92,1500.12,0.30723,0.49295,0.01019,0.98508,1,0.995,0.995,0.10267,0.16185,0.00359,1.17929e-05,1.17929e-05,1.17929e-05
93,1515.31,0.31625,0.37173,0.00997,0.98508,1,0.995,0.995,0.10267,0.16185,0.00359,1.06148e-05,1.06148e-05,1.06148e-05
94,1530.71,0.22178,0.35101,0.00617,0.98504,1,0.995,0.995,0.10705,0.15904,0.00358,9.4367e-06,9.4367e-06,9.4367e-06
95,1546.03,0.28764,0.41039,0.0076,0.98504,1,0.995,0.995,0.10705,0.15904,0.00358,8.2586e-06,8.2586e-06,8.2586e-06
96,1561.62,0.23958,0.35458,0.00711,0.98503,1,0.995,0.995,0.11076,0.15878,0.00372,7.0805e-06,7.0805e-06,7.0805e-06
97,1577.38,0.2266,0.33339,0.00692,0.98503,1,0.995,0.995,0.11076,0.15878,0.00372,5.9024e-06,5.9024e-06,5.9024e-06
98,1593.12,0.24206,0.41743,0.00718,0.9853,1,0.995,0.995,0.11566,0.15892,0.00389,4.7243e-06,4.7243e-06,4.7243e-06
99,1608.43,0.27636,0.32488,0.00676,0.9853,1,0.995,0.995,0.11566,0.15892,0.00389,3.5462e-06,3.5462e-06,3.5462e-06
100,1624.05,0.24401,0.49347,0.00719,0.98541,1,0.995,0.995,0.11936,0.1581,0.00403,2.3681e-06,2.3681e-06,2.3681e-06
